INSERT INTO public.fin_accounts (id, name, is_active, user_id) VALUES ('52f1843c-6a02-437e-9f7f-47ae2ce4537e', 'CTA NARANJA', true, '9427762f-2b79-4b2a-a728-5163040c0054') ON CONFLICT DO NOTHING;
INSERT INTO public.fin_accounts (id, name, is_active, user_id) VALUES ('505cb2fd-cc86-42af-aa51-eed5e53c23b5', 'CTA. MERCP', true, '9427762f-2b79-4b2a-a728-5163040c0054') ON CONFLICT DO NOTHING;
INSERT INTO public.fin_accounts (id, name, is_active, user_id) VALUES ('00c73bd9-13c8-4da8-8099-fdd4314ea33b', 'CTA PERSONAL PAY', true, '9427762f-2b79-4b2a-a728-5163040c0054') ON CONFLICT DO NOTHING;
INSERT INTO public.fin_accounts (id, name, is_active, user_id) VALUES ('8edfd4b2-3831-4079-841f-b66bb42692c4', 'EFECTIVO', true, '9427762f-2b79-4b2a-a728-5163040c0054') ON CONFLICT DO NOTHING;
INSERT INTO public.fin_accounts (id, name, is_active, user_id) VALUES ('4854aa36-7db9-444f-a25c-f9e54742db3d', 'CTA TUENTI', true, '9427762f-2b79-4b2a-a728-5163040c0054') ON CONFLICT DO NOTHING;
INSERT INTO public.fin_accounts (id, name, is_active, user_id) VALUES ('5163231a-aca7-42e2-86e9-648e3c57709c', 'CTA CP', true, '9427762f-2b79-4b2a-a728-5163040c0054') ON CONFLICT DO NOTHING;
INSERT INTO public.fin_categories (id, name, type, user_id) VALUES ('cfab005c-a9ca-4e53-9ac7-92e38a84312c', 'SUSCRIPCIONES', 'OUT', '9427762f-2b79-4b2a-a728-5163040c0054') ON CONFLICT DO NOTHING;
INSERT INTO public.fin_subcategories (id, category_id, name, user_id) VALUES ('0ca96dcd-557e-418a-8ca0-3baf251b491a', 'cfab005c-a9ca-4e53-9ac7-92e38a84312c', 'CHAT GPT', '9427762f-2b79-4b2a-a728-5163040c0054') ON CONFLICT DO NOTHING;
INSERT INTO public.fin_budget_items (year, month, category_id, sub_category_id, label, type, planned_amount, planned_date, user_id) VALUES (2025, 9, 'cfab005c-a9ca-4e53-9ac7-92e38a84312c', '0ca96dcd-557e-418a-8ca0-3baf251b491a', 'CHAT GPT', 'OUT', 38613.97, 3, '9427762f-2b79-4b2a-a728-5163040c0054');
INSERT INTO public.fin_transactions (date, category_id, sub_category_id, description, amount, type, account_id, user_id) VALUES ('2025-10-03', 'cfab005c-a9ca-4e53-9ac7-92e38a84312c', '0ca96dcd-557e-418a-8ca0-3baf251b491a', 'CHAT GPT', 38613.97, 'OUT', '8edfd4b2-3831-4079-841f-b66bb42692c4', '9427762f-2b79-4b2a-a728-5163040c0054');
INSERT INTO public.fin_categories (id, name, type, user_id) VALUES ('cf42aa2f-000f-48bd-9f58-061f67cb7caa', 'TELÉFONO', 'OUT', '9427762f-2b79-4b2a-a728-5163040c0054') ON CONFLICT DO NOTHING;
INSERT INTO public.fin_subcategories (id, category_id, name, user_id) VALUES ('6bb046bd-fb4f-469d-8d03-deadfe5724d8', 'cf42aa2f-000f-48bd-9f58-061f67cb7caa', 'NICO', '9427762f-2b79-4b2a-a728-5163040c0054') ON CONFLICT DO NOTHING;
INSERT INTO public.fin_budget_items (year, month, category_id, sub_category_id, label, type, planned_amount, planned_date, user_id) VALUES (2025, 9, 'cf42aa2f-000f-48bd-9f58-061f67cb7caa', '6bb046bd-fb4f-469d-8d03-deadfe5724d8', 'NICO', 'OUT', 11000.0, 6, '9427762f-2b79-4b2a-a728-5163040c0054');
INSERT INTO public.fin_transactions (date, category_id, sub_category_id, description, amount, type, account_id, user_id) VALUES ('2025-10-06', 'cf42aa2f-000f-48bd-9f58-061f67cb7caa', '6bb046bd-fb4f-469d-8d03-deadfe5724d8', 'NICO', 14600.0, 'OUT', '8edfd4b2-3831-4079-841f-b66bb42692c4', '9427762f-2b79-4b2a-a728-5163040c0054');
INSERT INTO public.fin_categories (id, name, type, user_id) VALUES ('f18d5cc6-c8fd-4120-9544-b1dc020bbb3b', 'SERVICIOS', 'OUT', '9427762f-2b79-4b2a-a728-5163040c0054') ON CONFLICT DO NOTHING;
INSERT INTO public.fin_subcategories (id, category_id, name, user_id) VALUES ('c9ca6437-1ae1-43e8-b6ae-f933450d7235', 'f18d5cc6-c8fd-4120-9544-b1dc020bbb3b', 'GAS', '9427762f-2b79-4b2a-a728-5163040c0054') ON CONFLICT DO NOTHING;
INSERT INTO public.fin_budget_items (year, month, category_id, sub_category_id, label, type, planned_amount, planned_date, user_id) VALUES (2025, 9, 'f18d5cc6-c8fd-4120-9544-b1dc020bbb3b', 'c9ca6437-1ae1-43e8-b6ae-f933450d7235', 'GAS', 'OUT', 58557.0, 7, '9427762f-2b79-4b2a-a728-5163040c0054');
INSERT INTO public.fin_transactions (date, category_id, sub_category_id, description, amount, type, account_id, user_id) VALUES ('2025-10-07', 'f18d5cc6-c8fd-4120-9544-b1dc020bbb3b', 'c9ca6437-1ae1-43e8-b6ae-f933450d7235', 'GAS', 58577.28, 'OUT', '8edfd4b2-3831-4079-841f-b66bb42692c4', '9427762f-2b79-4b2a-a728-5163040c0054');
INSERT INTO public.fin_subcategories (id, category_id, name, user_id) VALUES ('2595ecec-c859-4fbf-93d7-4ec898a91399', 'cfab005c-a9ca-4e53-9ac7-92e38a84312c', '"365"', '9427762f-2b79-4b2a-a728-5163040c0054') ON CONFLICT DO NOTHING;
INSERT INTO public.fin_budget_items (year, month, category_id, sub_category_id, label, type, planned_amount, planned_date, user_id) VALUES (2025, 9, 'cfab005c-a9ca-4e53-9ac7-92e38a84312c', '2595ecec-c859-4fbf-93d7-4ec898a91399', '"365"', 'OUT', 6094.86, 7, '9427762f-2b79-4b2a-a728-5163040c0054');
INSERT INTO public.fin_transactions (date, category_id, sub_category_id, description, amount, type, account_id, user_id) VALUES ('2025-10-07', 'cfab005c-a9ca-4e53-9ac7-92e38a84312c', '2595ecec-c859-4fbf-93d7-4ec898a91399', '"365"', 12058.91, 'OUT', '8edfd4b2-3831-4079-841f-b66bb42692c4', '9427762f-2b79-4b2a-a728-5163040c0054');
INSERT INTO public.fin_subcategories (id, category_id, name, user_id) VALUES ('1fe43a0f-ea80-465a-8f81-603eb504c962', 'cfab005c-a9ca-4e53-9ac7-92e38a84312c', 'AMAZON PRIME', '9427762f-2b79-4b2a-a728-5163040c0054') ON CONFLICT DO NOTHING;
INSERT INTO public.fin_budget_items (year, month, category_id, sub_category_id, label, type, planned_amount, planned_date, user_id) VALUES (2025, 9, 'cfab005c-a9ca-4e53-9ac7-92e38a84312c', '1fe43a0f-ea80-465a-8f81-603eb504c962', 'AMAZON PRIME', 'OUT', 7836.79, 8, '9427762f-2b79-4b2a-a728-5163040c0054');
INSERT INTO public.fin_transactions (date, category_id, sub_category_id, description, amount, type, account_id, user_id) VALUES ('2025-10-08', 'cfab005c-a9ca-4e53-9ac7-92e38a84312c', '1fe43a0f-ea80-465a-8f81-603eb504c962', 'AMAZON PRIME', 12088.769999999999, 'OUT', '8edfd4b2-3831-4079-841f-b66bb42692c4', '9427762f-2b79-4b2a-a728-5163040c0054');
INSERT INTO public.fin_categories (id, name, type, user_id) VALUES ('09c90cc3-dcd9-4df2-b6dc-cf555398eff0', 'EDUCACIÓN', 'OUT', '9427762f-2b79-4b2a-a728-5163040c0054') ON CONFLICT DO NOTHING;
INSERT INTO public.fin_subcategories (id, category_id, name, user_id) VALUES ('20c19fef-cd05-45e6-b523-7f2107cb907c', '09c90cc3-dcd9-4df2-b6dc-cf555398eff0', 'FUSAS', '9427762f-2b79-4b2a-a728-5163040c0054') ON CONFLICT DO NOTHING;
INSERT INTO public.fin_budget_items (year, month, category_id, sub_category_id, label, type, planned_amount, planned_date, user_id) VALUES (2025, 9, '09c90cc3-dcd9-4df2-b6dc-cf555398eff0', '20c19fef-cd05-45e6-b523-7f2107cb907c', 'FUSAS', 'OUT', 50000.0, 10, '9427762f-2b79-4b2a-a728-5163040c0054');
INSERT INTO public.fin_transactions (date, category_id, sub_category_id, description, amount, type, account_id, user_id) VALUES ('2025-10-10', '09c90cc3-dcd9-4df2-b6dc-cf555398eff0', '20c19fef-cd05-45e6-b523-7f2107cb907c', 'FUSAS', 50000.0, 'OUT', '8edfd4b2-3831-4079-841f-b66bb42692c4', '9427762f-2b79-4b2a-a728-5163040c0054');
INSERT INTO public.fin_subcategories (id, category_id, name, user_id) VALUES ('5138737d-bcd4-4d1a-b440-9d5f17fb63a6', 'f18d5cc6-c8fd-4120-9544-b1dc020bbb3b', 'AGUA', '9427762f-2b79-4b2a-a728-5163040c0054') ON CONFLICT DO NOTHING;
INSERT INTO public.fin_budget_items (year, month, category_id, sub_category_id, label, type, planned_amount, planned_date, user_id) VALUES (2025, 9, 'f18d5cc6-c8fd-4120-9544-b1dc020bbb3b', '5138737d-bcd4-4d1a-b440-9d5f17fb63a6', 'AGUA', 'OUT', 30800.0, 10, '9427762f-2b79-4b2a-a728-5163040c0054');
INSERT INTO public.fin_transactions (date, category_id, sub_category_id, description, amount, type, account_id, user_id) VALUES ('2025-10-10', 'f18d5cc6-c8fd-4120-9544-b1dc020bbb3b', '5138737d-bcd4-4d1a-b440-9d5f17fb63a6', 'AGUA', 30800.0, 'OUT', '8edfd4b2-3831-4079-841f-b66bb42692c4', '9427762f-2b79-4b2a-a728-5163040c0054');
INSERT INTO public.fin_subcategories (id, category_id, name, user_id) VALUES ('fdf4675d-6cfb-4249-874c-1196eb26f6d5', 'f18d5cc6-c8fd-4120-9544-b1dc020bbb3b', 'RENTAS', '9427762f-2b79-4b2a-a728-5163040c0054') ON CONFLICT DO NOTHING;
INSERT INTO public.fin_budget_items (year, month, category_id, sub_category_id, label, type, planned_amount, planned_date, user_id) VALUES (2025, 9, 'f18d5cc6-c8fd-4120-9544-b1dc020bbb3b', 'fdf4675d-6cfb-4249-874c-1196eb26f6d5', 'RENTAS', 'OUT', 18300.0, 10, '9427762f-2b79-4b2a-a728-5163040c0054');
INSERT INTO public.fin_transactions (date, category_id, sub_category_id, description, amount, type, account_id, user_id) VALUES ('2025-10-10', 'f18d5cc6-c8fd-4120-9544-b1dc020bbb3b', 'fdf4675d-6cfb-4249-874c-1196eb26f6d5', 'RENTAS', 18300.0, 'OUT', '8edfd4b2-3831-4079-841f-b66bb42692c4', '9427762f-2b79-4b2a-a728-5163040c0054');
INSERT INTO public.fin_subcategories (id, category_id, name, user_id) VALUES ('70fc2992-b3e5-4cea-9feb-b4f31ad127b1', 'f18d5cc6-c8fd-4120-9544-b1dc020bbb3b', 'MUNICIPAL', '9427762f-2b79-4b2a-a728-5163040c0054') ON CONFLICT DO NOTHING;
INSERT INTO public.fin_budget_items (year, month, category_id, sub_category_id, label, type, planned_amount, planned_date, user_id) VALUES (2025, 9, 'f18d5cc6-c8fd-4120-9544-b1dc020bbb3b', '70fc2992-b3e5-4cea-9feb-b4f31ad127b1', 'MUNICIPAL', 'OUT', 6000.0, 10, '9427762f-2b79-4b2a-a728-5163040c0054');
INSERT INTO public.fin_transactions (date, category_id, sub_category_id, description, amount, type, account_id, user_id) VALUES ('2025-10-10', 'f18d5cc6-c8fd-4120-9544-b1dc020bbb3b', '70fc2992-b3e5-4cea-9feb-b4f31ad127b1', 'MUNICIPAL', 6000.0, 'OUT', '8edfd4b2-3831-4079-841f-b66bb42692c4', '9427762f-2b79-4b2a-a728-5163040c0054');
INSERT INTO public.fin_categories (id, name, type, user_id) VALUES ('f7469f7e-2446-4e28-8a62-2161c469490f', 'ALQUILER', 'OUT', '9427762f-2b79-4b2a-a728-5163040c0054') ON CONFLICT DO NOTHING;
INSERT INTO public.fin_budget_items (year, month, category_id, sub_category_id, label, type, planned_amount, planned_date, user_id) VALUES (2025, 9, 'f7469f7e-2446-4e28-8a62-2161c469490f', NULL, 'ALQUILER', 'OUT', 438160.0, 10, '9427762f-2b79-4b2a-a728-5163040c0054');
INSERT INTO public.fin_transactions (date, category_id, sub_category_id, description, amount, type, account_id, user_id) VALUES ('2025-10-10', 'f7469f7e-2446-4e28-8a62-2161c469490f', NULL, 'ALQUILER', 438160.0, 'OUT', '8edfd4b2-3831-4079-841f-b66bb42692c4', '9427762f-2b79-4b2a-a728-5163040c0054');
INSERT INTO public.fin_subcategories (id, category_id, name, user_id) VALUES ('e0e041f7-38f1-4575-9f9f-203f75b32a75', 'cfab005c-a9ca-4e53-9ac7-92e38a84312c', 'CUOTA CELU', '9427762f-2b79-4b2a-a728-5163040c0054') ON CONFLICT DO NOTHING;
INSERT INTO public.fin_budget_items (year, month, category_id, sub_category_id, label, type, planned_amount, planned_date, user_id) VALUES (2025, 9, 'cfab005c-a9ca-4e53-9ac7-92e38a84312c', 'e0e041f7-38f1-4575-9f9f-203f75b32a75', 'CUOTA CELU', 'OUT', 164971.32, 10, '9427762f-2b79-4b2a-a728-5163040c0054');
INSERT INTO public.fin_transactions (date, category_id, sub_category_id, description, amount, type, account_id, user_id) VALUES ('2025-10-10', 'cfab005c-a9ca-4e53-9ac7-92e38a84312c', 'e0e041f7-38f1-4575-9f9f-203f75b32a75', 'CUOTA CELU', 164971.32, 'OUT', '8edfd4b2-3831-4079-841f-b66bb42692c4', '9427762f-2b79-4b2a-a728-5163040c0054');
INSERT INTO public.fin_categories (id, name, type, user_id) VALUES ('0e8734f6-7de9-4d98-bfc4-b0ac87ad4548', 'COMIDA', 'OUT', '9427762f-2b79-4b2a-a728-5163040c0054') ON CONFLICT DO NOTHING;
INSERT INTO public.fin_budget_items (year, month, category_id, sub_category_id, label, type, planned_amount, planned_date, user_id) VALUES (2025, 9, '0e8734f6-7de9-4d98-bfc4-b0ac87ad4548', NULL, 'COMIDA', 'OUT', 300000.0, 15, '9427762f-2b79-4b2a-a728-5163040c0054');
INSERT INTO public.fin_transactions (date, category_id, sub_category_id, description, amount, type, account_id, user_id) VALUES ('2025-10-15', '0e8734f6-7de9-4d98-bfc4-b0ac87ad4548', NULL, 'COMIDA', 549577.85, 'OUT', '8edfd4b2-3831-4079-841f-b66bb42692c4', '9427762f-2b79-4b2a-a728-5163040c0054');
INSERT INTO public.fin_subcategories (id, category_id, name, user_id) VALUES ('8e1181b9-c3d4-4c8e-8be6-f924bbb7ec1d', 'cfab005c-a9ca-4e53-9ac7-92e38a84312c', 'HBO MAX', '9427762f-2b79-4b2a-a728-5163040c0054') ON CONFLICT DO NOTHING;
INSERT INTO public.fin_budget_items (year, month, category_id, sub_category_id, label, type, planned_amount, planned_date, user_id) VALUES (2025, 9, 'cfab005c-a9ca-4e53-9ac7-92e38a84312c', '8e1181b9-c3d4-4c8e-8be6-f924bbb7ec1d', 'HBO MAX', 'OUT', 6174.6, 18, '9427762f-2b79-4b2a-a728-5163040c0054');
INSERT INTO public.fin_transactions (date, category_id, sub_category_id, description, amount, type, account_id, user_id) VALUES ('2025-10-18', 'cfab005c-a9ca-4e53-9ac7-92e38a84312c', '8e1181b9-c3d4-4c8e-8be6-f924bbb7ec1d', 'HBO MAX', 6174.7, 'OUT', '8edfd4b2-3831-4079-841f-b66bb42692c4', '9427762f-2b79-4b2a-a728-5163040c0054');
INSERT INTO public.fin_subcategories (id, category_id, name, user_id) VALUES ('5e0afc6f-2baf-46d1-87b8-d1d7d720081d', 'cfab005c-a9ca-4e53-9ac7-92e38a84312c', 'NIVEL 6', '9427762f-2b79-4b2a-a728-5163040c0054') ON CONFLICT DO NOTHING;
INSERT INTO public.fin_budget_items (year, month, category_id, sub_category_id, label, type, planned_amount, planned_date, user_id) VALUES (2025, 9, 'cfab005c-a9ca-4e53-9ac7-92e38a84312c', '5e0afc6f-2baf-46d1-87b8-d1d7d720081d', 'NIVEL 6', 'OUT', 8990.0, 17, '9427762f-2b79-4b2a-a728-5163040c0054');
INSERT INTO public.fin_transactions (date, category_id, sub_category_id, description, amount, type, account_id, user_id) VALUES ('2025-10-17', 'cfab005c-a9ca-4e53-9ac7-92e38a84312c', '5e0afc6f-2baf-46d1-87b8-d1d7d720081d', 'NIVEL 6', 8990.0, 'OUT', '8edfd4b2-3831-4079-841f-b66bb42692c4', '9427762f-2b79-4b2a-a728-5163040c0054');
INSERT INTO public.fin_subcategories (id, category_id, name, user_id) VALUES ('a83ad1a9-474e-4c95-8d06-0d8c70ec5b0f', 'f18d5cc6-c8fd-4120-9544-b1dc020bbb3b', 'LUZ', '9427762f-2b79-4b2a-a728-5163040c0054') ON CONFLICT DO NOTHING;
INSERT INTO public.fin_budget_items (year, month, category_id, sub_category_id, label, type, planned_amount, planned_date, user_id) VALUES (2025, 9, 'f18d5cc6-c8fd-4120-9544-b1dc020bbb3b', 'a83ad1a9-474e-4c95-8d06-0d8c70ec5b0f', 'LUZ', 'OUT', 65948.0, 20, '9427762f-2b79-4b2a-a728-5163040c0054');
INSERT INTO public.fin_transactions (date, category_id, sub_category_id, description, amount, type, account_id, user_id) VALUES ('2025-10-20', 'f18d5cc6-c8fd-4120-9544-b1dc020bbb3b', 'a83ad1a9-474e-4c95-8d06-0d8c70ec5b0f', 'LUZ', 65558.0, 'OUT', '8edfd4b2-3831-4079-841f-b66bb42692c4', '9427762f-2b79-4b2a-a728-5163040c0054');
INSERT INTO public.fin_categories (id, name, type, user_id) VALUES ('cd5f993b-312b-48e5-bd17-5dc9c7eb644f', 'ALIMENTOS', 'OUT', '9427762f-2b79-4b2a-a728-5163040c0054') ON CONFLICT DO NOTHING;
INSERT INTO public.fin_subcategories (id, category_id, name, user_id) VALUES ('0e88a84d-aa22-435b-b6f2-d80b33c19cc8', 'cd5f993b-312b-48e5-bd17-5dc9c7eb644f', 'CARO', '9427762f-2b79-4b2a-a728-5163040c0054') ON CONFLICT DO NOTHING;
INSERT INTO public.fin_budget_items (year, month, category_id, sub_category_id, label, type, planned_amount, planned_date, user_id) VALUES (2025, 9, 'cd5f993b-312b-48e5-bd17-5dc9c7eb644f', '0e88a84d-aa22-435b-b6f2-d80b33c19cc8', 'CARO', 'OUT', 150000.0, 20, '9427762f-2b79-4b2a-a728-5163040c0054');
INSERT INTO public.fin_transactions (date, category_id, sub_category_id, description, amount, type, account_id, user_id) VALUES ('2025-10-20', 'cd5f993b-312b-48e5-bd17-5dc9c7eb644f', '0e88a84d-aa22-435b-b6f2-d80b33c19cc8', 'CARO', 150000.0, 'OUT', '8edfd4b2-3831-4079-841f-b66bb42692c4', '9427762f-2b79-4b2a-a728-5163040c0054');
INSERT INTO public.fin_subcategories (id, category_id, name, user_id) VALUES ('a2620b12-efea-4275-9413-dbbf7dbb9557', 'f18d5cc6-c8fd-4120-9544-b1dc020bbb3b', 'INTERNET', '9427762f-2b79-4b2a-a728-5163040c0054') ON CONFLICT DO NOTHING;
INSERT INTO public.fin_budget_items (year, month, category_id, sub_category_id, label, type, planned_amount, planned_date, user_id) VALUES (2025, 9, 'f18d5cc6-c8fd-4120-9544-b1dc020bbb3b', 'a2620b12-efea-4275-9413-dbbf7dbb9557', 'INTERNET', 'OUT', 47754.51, 21, '9427762f-2b79-4b2a-a728-5163040c0054');
INSERT INTO public.fin_transactions (date, category_id, sub_category_id, description, amount, type, account_id, user_id) VALUES ('2025-10-21', 'f18d5cc6-c8fd-4120-9544-b1dc020bbb3b', 'a2620b12-efea-4275-9413-dbbf7dbb9557', 'INTERNET', 47754.51, 'OUT', '8edfd4b2-3831-4079-841f-b66bb42692c4', '9427762f-2b79-4b2a-a728-5163040c0054');
INSERT INTO public.fin_subcategories (id, category_id, name, user_id) VALUES ('0b4ff0ad-4d0a-4876-a329-8b57de209339', 'cfab005c-a9ca-4e53-9ac7-92e38a84312c', 'SEGURO DE VIDA', '9427762f-2b79-4b2a-a728-5163040c0054') ON CONFLICT DO NOTHING;
INSERT INTO public.fin_budget_items (year, month, category_id, sub_category_id, label, type, planned_amount, planned_date, user_id) VALUES (2025, 9, 'cfab005c-a9ca-4e53-9ac7-92e38a84312c', '0b4ff0ad-4d0a-4876-a329-8b57de209339', 'SEGURO DE VIDA', 'OUT', 15568.43, 23, '9427762f-2b79-4b2a-a728-5163040c0054');
INSERT INTO public.fin_transactions (date, category_id, sub_category_id, description, amount, type, account_id, user_id) VALUES ('2025-10-23', 'cfab005c-a9ca-4e53-9ac7-92e38a84312c', '0b4ff0ad-4d0a-4876-a329-8b57de209339', 'SEGURO DE VIDA', 15568.43, 'OUT', '8edfd4b2-3831-4079-841f-b66bb42692c4', '9427762f-2b79-4b2a-a728-5163040c0054');
INSERT INTO public.fin_categories (id, name, type, user_id) VALUES ('ac1ee18a-0690-4e52-88ba-159167ad3b55', 'INGRESOS', 'IN', '9427762f-2b79-4b2a-a728-5163040c0054') ON CONFLICT DO NOTHING;
INSERT INTO public.fin_subcategories (id, category_id, name, user_id) VALUES ('fdc3d105-f5ac-4e2f-9eb2-37beb272892a', 'ac1ee18a-0690-4e52-88ba-159167ad3b55', 'SUELDO QALA', '9427762f-2b79-4b2a-a728-5163040c0054') ON CONFLICT DO NOTHING;
INSERT INTO public.fin_budget_items (year, month, category_id, sub_category_id, label, type, planned_amount, planned_date, user_id) VALUES (2025, 9, 'ac1ee18a-0690-4e52-88ba-159167ad3b55', 'fdc3d105-f5ac-4e2f-9eb2-37beb272892a', 'SUELDO QALA', 'IN', 1418000.0, 3, '9427762f-2b79-4b2a-a728-5163040c0054');
INSERT INTO public.fin_transactions (date, category_id, sub_category_id, description, amount, type, account_id, user_id) VALUES ('2025-10-03', 'ac1ee18a-0690-4e52-88ba-159167ad3b55', 'fdc3d105-f5ac-4e2f-9eb2-37beb272892a', 'SUELDO QALA', 1418000.07, 'IN', '8edfd4b2-3831-4079-841f-b66bb42692c4', '9427762f-2b79-4b2a-a728-5163040c0054');
INSERT INTO public.fin_subcategories (id, category_id, name, user_id) VALUES ('006e4271-3736-4a7b-a80d-650397022dff', 'ac1ee18a-0690-4e52-88ba-159167ad3b55', 'COLIFA CARTA', '9427762f-2b79-4b2a-a728-5163040c0054') ON CONFLICT DO NOTHING;
INSERT INTO public.fin_budget_items (year, month, category_id, sub_category_id, label, type, planned_amount, planned_date, user_id) VALUES (2025, 9, 'ac1ee18a-0690-4e52-88ba-159167ad3b55', '006e4271-3736-4a7b-a80d-650397022dff', 'COLIFA CARTA', 'IN', 120000.0, 3, '9427762f-2b79-4b2a-a728-5163040c0054');
INSERT INTO public.fin_transactions (date, category_id, sub_category_id, description, amount, type, account_id, user_id) VALUES ('2025-10-03', 'ac1ee18a-0690-4e52-88ba-159167ad3b55', '006e4271-3736-4a7b-a80d-650397022dff', 'COLIFA CARTA', 120000.0, 'IN', '8edfd4b2-3831-4079-841f-b66bb42692c4', '9427762f-2b79-4b2a-a728-5163040c0054');
INSERT INTO public.fin_subcategories (id, category_id, name, user_id) VALUES ('ddca2d75-dc26-43ef-84ad-0d1d504f4bad', 'ac1ee18a-0690-4e52-88ba-159167ad3b55', 'CERDO VA!', '9427762f-2b79-4b2a-a728-5163040c0054') ON CONFLICT DO NOTHING;
INSERT INTO public.fin_budget_items (year, month, category_id, sub_category_id, label, type, planned_amount, planned_date, user_id) VALUES (2025, 9, 'ac1ee18a-0690-4e52-88ba-159167ad3b55', 'ddca2d75-dc26-43ef-84ad-0d1d504f4bad', 'CERDO VA!', 'IN', 1500000.0, 11, '9427762f-2b79-4b2a-a728-5163040c0054');
INSERT INTO public.fin_transactions (date, category_id, sub_category_id, description, amount, type, account_id, user_id) VALUES ('2025-10-11', 'ac1ee18a-0690-4e52-88ba-159167ad3b55', 'ddca2d75-dc26-43ef-84ad-0d1d504f4bad', 'CERDO VA!', 1500000.0, 'IN', '8edfd4b2-3831-4079-841f-b66bb42692c4', '9427762f-2b79-4b2a-a728-5163040c0054');
INSERT INTO public.fin_budget_items (year, month, category_id, sub_category_id, label, type, planned_amount, planned_date, user_id) VALUES (2025, 10, 'cfab005c-a9ca-4e53-9ac7-92e38a84312c', '0ca96dcd-557e-418a-8ca0-3baf251b491a', 'CHAT GPT', 'OUT', 38613.97, 3, '9427762f-2b79-4b2a-a728-5163040c0054');
INSERT INTO public.fin_transactions (date, category_id, sub_category_id, description, amount, type, account_id, user_id) VALUES ('2025-11-03', 'cfab005c-a9ca-4e53-9ac7-92e38a84312c', '0ca96dcd-557e-418a-8ca0-3baf251b491a', 'CHAT GPT', 37737.38, 'OUT', '8edfd4b2-3831-4079-841f-b66bb42692c4', '9427762f-2b79-4b2a-a728-5163040c0054');
INSERT INTO public.fin_budget_items (year, month, category_id, sub_category_id, label, type, planned_amount, planned_date, user_id) VALUES (2025, 10, 'cf42aa2f-000f-48bd-9f58-061f67cb7caa', '6bb046bd-fb4f-469d-8d03-deadfe5724d8', 'NICO', 'OUT', 11000.0, 6, '9427762f-2b79-4b2a-a728-5163040c0054');
INSERT INTO public.fin_transactions (date, category_id, sub_category_id, description, amount, type, account_id, user_id) VALUES ('2025-11-06', 'cf42aa2f-000f-48bd-9f58-061f67cb7caa', '6bb046bd-fb4f-469d-8d03-deadfe5724d8', 'NICO', 30700.0, 'OUT', '8edfd4b2-3831-4079-841f-b66bb42692c4', '9427762f-2b79-4b2a-a728-5163040c0054');
INSERT INTO public.fin_budget_items (year, month, category_id, sub_category_id, label, type, planned_amount, planned_date, user_id) VALUES (2025, 10, 'cfab005c-a9ca-4e53-9ac7-92e38a84312c', '1fe43a0f-ea80-465a-8f81-603eb504c962', 'AMAZON PRIME', 'OUT', 7836.79, 8, '9427762f-2b79-4b2a-a728-5163040c0054');
INSERT INTO public.fin_transactions (date, category_id, sub_category_id, description, amount, type, account_id, user_id) VALUES ('2025-11-08', 'cfab005c-a9ca-4e53-9ac7-92e38a84312c', '1fe43a0f-ea80-465a-8f81-603eb504c962', 'AMAZON PRIME', 7863.79, 'OUT', '8edfd4b2-3831-4079-841f-b66bb42692c4', '9427762f-2b79-4b2a-a728-5163040c0054');
INSERT INTO public.fin_budget_items (year, month, category_id, sub_category_id, label, type, planned_amount, planned_date, user_id) VALUES (2025, 10, 'f18d5cc6-c8fd-4120-9544-b1dc020bbb3b', 'c9ca6437-1ae1-43e8-b6ae-f933450d7235', 'GAS', 'OUT', 58557.0, 7, '9427762f-2b79-4b2a-a728-5163040c0054');
INSERT INTO public.fin_transactions (date, category_id, sub_category_id, description, amount, type, account_id, user_id) VALUES ('2025-11-07', 'f18d5cc6-c8fd-4120-9544-b1dc020bbb3b', 'c9ca6437-1ae1-43e8-b6ae-f933450d7235', 'GAS', 59775.86, 'OUT', '8edfd4b2-3831-4079-841f-b66bb42692c4', '9427762f-2b79-4b2a-a728-5163040c0054');
INSERT INTO public.fin_budget_items (year, month, category_id, sub_category_id, label, type, planned_amount, planned_date, user_id) VALUES (2025, 10, 'cfab005c-a9ca-4e53-9ac7-92e38a84312c', '2595ecec-c859-4fbf-93d7-4ec898a91399', '"365"', 'OUT', 6094.86, 25, '9427762f-2b79-4b2a-a728-5163040c0054');
INSERT INTO public.fin_budget_items (year, month, category_id, sub_category_id, label, type, planned_amount, planned_date, user_id) VALUES (2025, 10, '09c90cc3-dcd9-4df2-b6dc-cf555398eff0', '20c19fef-cd05-45e6-b523-7f2107cb907c', 'FUSAS', 'OUT', 50000.0, 10, '9427762f-2b79-4b2a-a728-5163040c0054');
INSERT INTO public.fin_transactions (date, category_id, sub_category_id, description, amount, type, account_id, user_id) VALUES ('2025-11-10', '09c90cc3-dcd9-4df2-b6dc-cf555398eff0', '20c19fef-cd05-45e6-b523-7f2107cb907c', 'FUSAS', 55000.0, 'OUT', '8edfd4b2-3831-4079-841f-b66bb42692c4', '9427762f-2b79-4b2a-a728-5163040c0054');
INSERT INTO public.fin_budget_items (year, month, category_id, sub_category_id, label, type, planned_amount, planned_date, user_id) VALUES (2025, 10, 'f18d5cc6-c8fd-4120-9544-b1dc020bbb3b', '5138737d-bcd4-4d1a-b440-9d5f17fb63a6', 'AGUA', 'OUT', 30800.0, 10, '9427762f-2b79-4b2a-a728-5163040c0054');
INSERT INTO public.fin_transactions (date, category_id, sub_category_id, description, amount, type, account_id, user_id) VALUES ('2025-11-10', 'f18d5cc6-c8fd-4120-9544-b1dc020bbb3b', '5138737d-bcd4-4d1a-b440-9d5f17fb63a6', 'AGUA', 30800.0, 'OUT', '8edfd4b2-3831-4079-841f-b66bb42692c4', '9427762f-2b79-4b2a-a728-5163040c0054');
INSERT INTO public.fin_budget_items (year, month, category_id, sub_category_id, label, type, planned_amount, planned_date, user_id) VALUES (2025, 10, 'f18d5cc6-c8fd-4120-9544-b1dc020bbb3b', 'fdf4675d-6cfb-4249-874c-1196eb26f6d5', 'RENTAS', 'OUT', 18300.0, 10, '9427762f-2b79-4b2a-a728-5163040c0054');
INSERT INTO public.fin_transactions (date, category_id, sub_category_id, description, amount, type, account_id, user_id) VALUES ('2025-11-10', 'f18d5cc6-c8fd-4120-9544-b1dc020bbb3b', 'fdf4675d-6cfb-4249-874c-1196eb26f6d5', 'RENTAS', 18300.0, 'OUT', '8edfd4b2-3831-4079-841f-b66bb42692c4', '9427762f-2b79-4b2a-a728-5163040c0054');
INSERT INTO public.fin_budget_items (year, month, category_id, sub_category_id, label, type, planned_amount, planned_date, user_id) VALUES (2025, 10, 'f18d5cc6-c8fd-4120-9544-b1dc020bbb3b', '70fc2992-b3e5-4cea-9feb-b4f31ad127b1', 'MUNICIPAL', 'OUT', 6000.0, 10, '9427762f-2b79-4b2a-a728-5163040c0054');
INSERT INTO public.fin_transactions (date, category_id, sub_category_id, description, amount, type, account_id, user_id) VALUES ('2025-11-10', 'f18d5cc6-c8fd-4120-9544-b1dc020bbb3b', '70fc2992-b3e5-4cea-9feb-b4f31ad127b1', 'MUNICIPAL', 6000.0, 'OUT', '8edfd4b2-3831-4079-841f-b66bb42692c4', '9427762f-2b79-4b2a-a728-5163040c0054');
INSERT INTO public.fin_budget_items (year, month, category_id, sub_category_id, label, type, planned_amount, planned_date, user_id) VALUES (2025, 10, 'f7469f7e-2446-4e28-8a62-2161c469490f', NULL, 'ALQUILER', 'OUT', 438160.0, 10, '9427762f-2b79-4b2a-a728-5163040c0054');
INSERT INTO public.fin_transactions (date, category_id, sub_category_id, description, amount, type, account_id, user_id) VALUES ('2025-11-10', 'f7469f7e-2446-4e28-8a62-2161c469490f', NULL, 'ALQUILER', 438160.0, 'OUT', '8edfd4b2-3831-4079-841f-b66bb42692c4', '9427762f-2b79-4b2a-a728-5163040c0054');
INSERT INTO public.fin_budget_items (year, month, category_id, sub_category_id, label, type, planned_amount, planned_date, user_id) VALUES (2025, 10, 'cfab005c-a9ca-4e53-9ac7-92e38a84312c', 'e0e041f7-38f1-4575-9f9f-203f75b32a75', 'CUOTA CELU', 'OUT', 164971.32, 10, '9427762f-2b79-4b2a-a728-5163040c0054');
INSERT INTO public.fin_transactions (date, category_id, sub_category_id, description, amount, type, account_id, user_id) VALUES ('2025-11-10', 'cfab005c-a9ca-4e53-9ac7-92e38a84312c', 'e0e041f7-38f1-4575-9f9f-203f75b32a75', 'CUOTA CELU', 164971.32, 'OUT', '8edfd4b2-3831-4079-841f-b66bb42692c4', '9427762f-2b79-4b2a-a728-5163040c0054');
INSERT INTO public.fin_budget_items (year, month, category_id, sub_category_id, label, type, planned_amount, planned_date, user_id) VALUES (2025, 10, '0e8734f6-7de9-4d98-bfc4-b0ac87ad4548', NULL, 'COMIDA', 'OUT', 300000.0, 15, '9427762f-2b79-4b2a-a728-5163040c0054');
INSERT INTO public.fin_transactions (date, category_id, sub_category_id, description, amount, type, account_id, user_id) VALUES ('2025-11-15', '0e8734f6-7de9-4d98-bfc4-b0ac87ad4548', NULL, 'COMIDA', 789376.4, 'OUT', '8edfd4b2-3831-4079-841f-b66bb42692c4', '9427762f-2b79-4b2a-a728-5163040c0054');
INSERT INTO public.fin_budget_items (year, month, category_id, sub_category_id, label, type, planned_amount, planned_date, user_id) VALUES (2025, 10, 'cfab005c-a9ca-4e53-9ac7-92e38a84312c', '5e0afc6f-2baf-46d1-87b8-d1d7d720081d', 'NIVEL 6', 'OUT', 8990.0, 16, '9427762f-2b79-4b2a-a728-5163040c0054');
INSERT INTO public.fin_transactions (date, category_id, sub_category_id, description, amount, type, account_id, user_id) VALUES ('2025-11-14', 'cfab005c-a9ca-4e53-9ac7-92e38a84312c', '5e0afc6f-2baf-46d1-87b8-d1d7d720081d', 'NIVEL 6', 8990.0, 'OUT', '8edfd4b2-3831-4079-841f-b66bb42692c4', '9427762f-2b79-4b2a-a728-5163040c0054');
INSERT INTO public.fin_budget_items (year, month, category_id, sub_category_id, label, type, planned_amount, planned_date, user_id) VALUES (2025, 10, 'ac1ee18a-0690-4e52-88ba-159167ad3b55', 'fdc3d105-f5ac-4e2f-9eb2-37beb272892a', 'SUELDO QALA', 'IN', 1418000, 3, '9427762f-2b79-4b2a-a728-5163040c0054');
INSERT INTO public.fin_transactions (date, category_id, sub_category_id, description, amount, type, account_id, user_id) VALUES ('2025-11-03', 'ac1ee18a-0690-4e52-88ba-159167ad3b55', 'fdc3d105-f5ac-4e2f-9eb2-37beb272892a', 'SUELDO QALA', 1418000, 'IN', '8edfd4b2-3831-4079-841f-b66bb42692c4', '9427762f-2b79-4b2a-a728-5163040c0054');
INSERT INTO public.fin_budget_items (year, month, category_id, sub_category_id, label, type, planned_amount, planned_date, user_id) VALUES (2025, 10, 'ac1ee18a-0690-4e52-88ba-159167ad3b55', '006e4271-3736-4a7b-a80d-650397022dff', 'COLIFA CARTA', 'IN', 120000, 3, '9427762f-2b79-4b2a-a728-5163040c0054');
INSERT INTO public.fin_transactions (date, category_id, sub_category_id, description, amount, type, account_id, user_id) VALUES ('2025-11-03', 'ac1ee18a-0690-4e52-88ba-159167ad3b55', '006e4271-3736-4a7b-a80d-650397022dff', 'COLIFA CARTA', 120000, 'IN', '8edfd4b2-3831-4079-841f-b66bb42692c4', '9427762f-2b79-4b2a-a728-5163040c0054');
INSERT INTO public.fin_budget_items (year, month, category_id, sub_category_id, label, type, planned_amount, planned_date, user_id) VALUES (2025, 10, 'ac1ee18a-0690-4e52-88ba-159167ad3b55', 'ddca2d75-dc26-43ef-84ad-0d1d504f4bad', 'CERDO VA!', 'IN', 1000000, 11, '9427762f-2b79-4b2a-a728-5163040c0054');
INSERT INTO public.fin_transactions (date, category_id, sub_category_id, description, amount, type, account_id, user_id) VALUES ('2025-11-11', 'ac1ee18a-0690-4e52-88ba-159167ad3b55', 'ddca2d75-dc26-43ef-84ad-0d1d504f4bad', 'CERDO VA!', 1000000, 'IN', '8edfd4b2-3831-4079-841f-b66bb42692c4', '9427762f-2b79-4b2a-a728-5163040c0054');
INSERT INTO public.fin_subcategories (id, category_id, name, user_id) VALUES ('8f368103-a860-4f39-a14c-5c1c3cea1b15', 'ac1ee18a-0690-4e52-88ba-159167ad3b55', 'COLIFA FICHAS TECNICAS', '9427762f-2b79-4b2a-a728-5163040c0054') ON CONFLICT DO NOTHING;
INSERT INTO public.fin_budget_items (year, month, category_id, sub_category_id, label, type, planned_amount, planned_date, user_id) VALUES (2025, 10, 'ac1ee18a-0690-4e52-88ba-159167ad3b55', '8f368103-a860-4f39-a14c-5c1c3cea1b15', 'COLIFA FICHAS TECNICAS', 'IN', 120000, 15, '9427762f-2b79-4b2a-a728-5163040c0054');
